{"inputUnits":[34],"outputUnits":4,"inputs":{"0":{"dtype":"number","min":334.15689628259014,"max":474.1373135750754},"1":{"dtype":"number","min":71.85142472473501,"max":170.54520932322123},"2":{"dtype":"number","min":331.5520609656737,"max":477.4877255980731},"3":{"dtype":"number","min":64.71533702828032,"max":160.90851885998225},"4":{"dtype":"number","min":329.4063266211318,"max":476.09026576110955},"5":{"dtype":"number","min":63.56337697882401,"max":168.63095229596885},"6":{"dtype":"number","min":346.54770046182074,"max":469.5129620587384},"7":{"dtype":"number","min":69.8016357421875,"max":142.38022802401238},"8":{"dtype":"number","min":330.4857518008345,"max":464.79603252448067},"9":{"dtype":"number","min":65.30790035255237,"max":158.86128282454044},"10":{"dtype":"number","min":387.9415340312043,"max":473.1621933727004},"11":{"dtype":"number","min":113.13752469960707,"max":172.64015004416422},"12":{"dtype":"number","min":316.7500584771526,"max":421.3436971445065},"13":{"dtype":"number","min":109.84375356930738,"max":181.82282921863577},"14":{"dtype":"number","min":415.71809616237584,"max":502.70441244917305},"15":{"dtype":"number","min":131.9191886202866,"max":221.42543859649123},"16":{"dtype":"number","min":291.30193818149974,"max":462.01919287966007},"17":{"dtype":"number","min":123.63437109755725,"max":231.03937398155762},"18":{"dtype":"number","min":405.836000200833,"max":486.7828119289108},"19":{"dtype":"number","min":185.09092870046754,"max":224.00815223857438},"20":{"dtype":"number","min":309.4532511155275,"max":472.3780682956033},"21":{"dtype":"number","min":177.34997249253774,"max":233.50497002257703},"22":{"dtype":"number","min":374.76143374080544,"max":461.19150232385704},"23":{"dtype":"number","min":200.7652415076659,"max":254.04637505901252},"24":{"dtype":"number","min":337.4673051443713,"max":447.2524732920626},"25":{"dtype":"number","min":188.13177692495123,"max":250.84633632012975},"26":{"dtype":"number","min":365.1411904972664,"max":485.3721871478283},"27":{"dtype":"number","min":296.65377313862996,"max":339.06652776818527},"28":{"dtype":"number","min":324.1856274223699,"max":451.25103985821755},"29":{"dtype":"number","min":300.506722671479,"max":335.46262923272263},"30":{"dtype":"number","min":379.26342039312766,"max":499.88996122780367},"31":{"dtype":"number","min":389.2487422950551,"max":411.50446127729805},"32":{"dtype":"number","min":313.5220479686358,"max":429.76105985585707},"33":{"dtype":"number","min":387.87191350092894,"max":408.5292187071683}},"outputs":{"0":{"dtype":"string","min":0,"max":1,"uniqueValues":["a","b","c","d"],"legend":{"a":[1,0,0,0],"b":[0,1,0,0],"c":[0,0,1,0],"d":[0,0,0,1]}}},"isNormalized":true}