{"inputUnits":[34],"outputUnits":3,"inputs":{"0":{"dtype":"number","min":366.26638014646534,"max":459.48268366138836},"1":{"dtype":"number","min":53.769766824287274,"max":280.07068403515433},"2":{"dtype":"number","min":371.827863131815,"max":458.3016033804672},"3":{"dtype":"number","min":44.29760611312895,"max":274.81678477504795},"4":{"dtype":"number","min":354.3142375983225,"max":459.31715974566066},"5":{"dtype":"number","min":43.07045919853344,"max":269.92485894097223},"6":{"dtype":"number","min":371.00645366467927,"max":456.51927895945647},"7":{"dtype":"number","min":52.38989638538621,"max":274.3146108883863},"8":{"dtype":"number","min":329.6299633598699,"max":439.03373158698423},"9":{"dtype":"number","min":46.879797149122794,"max":269.4397353382371},"10":{"dtype":"number","min":330.4310325339988,"max":448.9639966343811},"11":{"dtype":"number","min":92.71721258033321,"max":297.57418983861015},"12":{"dtype":"number","min":330.1055854663514,"max":409.5126943606847},"13":{"dtype":"number","min":99.98571284333167,"max":294.2445739389163},"14":{"dtype":"number","min":310.4451961405793,"max":456.44717627333847},"15":{"dtype":"number","min":170.03321359496832,"max":348.50791589093717},"16":{"dtype":"number","min":352.8644512689601,"max":456.63187603271956},"17":{"dtype":"number","min":175.19593921088799,"max":359.06407049524853},"18":{"dtype":"number","min":329.52219228763096,"max":518.3709417867382},"19":{"dtype":"number","min":195.90875874718262,"max":382.76496366683034},"20":{"dtype":"number","min":383.86366578338203,"max":522.1689892744693},"21":{"dtype":"number","min":196.1262892933152,"max":405.6572629694353},"22":{"dtype":"number","min":269.7735048409326,"max":391.58776712696454},"23":{"dtype":"number","min":234.81258459258498,"max":415.54420010155866},"24":{"dtype":"number","min":262.1052393625122,"max":338.7094529655709},"25":{"dtype":"number","min":233.19518150641903,"max":413.03945084064327},"26":{"dtype":"number","min":312.39163285342806,"max":452.7557254069962},"27":{"dtype":"number","min":334.8709623994883,"max":457.8726424576014},"28":{"dtype":"number","min":302.60216309545564,"max":435.80776043570296},"29":{"dtype":"number","min":330.2600454586988,"max":430.35021389669373},"30":{"dtype":"number","min":329.8781200505604,"max":430.11279249284235},"31":{"dtype":"number","min":420.1790432995058,"max":496.4182754427369},"32":{"dtype":"number","min":328.7688185782925,"max":399.8296758120055},"33":{"dtype":"number","min":363.7151469031737,"max":478.35062257495304}},"outputs":{"0":{"dtype":"string","min":0,"max":1,"uniqueValues":["a","b","c"],"legend":{"a":[1,0,0],"b":[0,1,0],"c":[0,0,1]}}},"isNormalized":true}