{"inputUnits":[34],"outputUnits":4,"inputs":{"0":{"dtype":"number","min":282.3368767037494,"max":369.1042751736111},"1":{"dtype":"number","min":81.85666208843506,"max":190.12274372182623},"2":{"dtype":"number","min":293.5218611748827,"max":378.4126415587308},"3":{"dtype":"number","min":67.44778103298611,"max":181.41340958444692},"4":{"dtype":"number","min":271.98212978667914,"max":357.9022709063851},"5":{"dtype":"number","min":66.85338011029634,"max":178.90244043361372},"6":{"dtype":"number","min":308.68560136642606,"max":390.5630267107928},"7":{"dtype":"number","min":76.07722589147019,"max":184.46182607907298},"8":{"dtype":"number","min":261.4003074006495,"max":344.24300136157177},"9":{"dtype":"number","min":76.92431027893898,"max":184.62623343365465},"10":{"dtype":"number","min":336.60966363799037,"max":411.09624078166877},"11":{"dtype":"number","min":168.67947643495674,"max":235.4092463740596},"12":{"dtype":"number","min":231.36174787554825,"max":314.9881252117789},"13":{"dtype":"number","min":168.3826207092166,"max":240.99843491820099},"14":{"dtype":"number","min":365.7717633758604,"max":472.73165399800496},"15":{"dtype":"number","min":160.4140206201267,"max":328.3220376652351},"16":{"dtype":"number","min":144.7348308005528,"max":294.2527702584369},"17":{"dtype":"number","min":150.3008997510051,"max":325.50776966831137},"18":{"dtype":"number","min":358.2280725995932,"max":504.0763643796448},"19":{"dtype":"number","min":47.33426040143762,"max":420.8409407171357},"20":{"dtype":"number","min":63.4519607514201,"max":290.0465800562332},"21":{"dtype":"number","min":56.69800756502801,"max":414.8298415988974},"22":{"dtype":"number","min":316.67029040598726,"max":403.8992675424319},"23":{"dtype":"number","min":344.6421132822018,"max":419.34054428606237},"24":{"dtype":"number","min":221.78914611102545,"max":343.23739035087715},"25":{"dtype":"number","min":348.27196682638123,"max":415.3994391071401},"26":{"dtype":"number","min":293.224380225466,"max":407.3060349135371},"27":{"dtype":"number","min":439.17879284938635,"max":558.1899001956218},"28":{"dtype":"number","min":233.69003861038772,"max":336.7829993175484},"29":{"dtype":"number","min":460.51022564923323,"max":553.2267264501858},"30":{"dtype":"number","min":273.1899179677982,"max":416.77695469549525},"31":{"dtype":"number","min":515.1993779411092,"max":562.591932568169},"32":{"dtype":"number","min":213.75203628986202,"max":338.8485975432814},"33":{"dtype":"number","min":535.997454845882,"max":560.1127401430007}},"outputs":{"0":{"dtype":"string","min":0,"max":1,"uniqueValues":["a","b","c","d"],"legend":{"a":[1,0,0,0],"b":[0,1,0,0],"c":[0,0,1,0],"d":[0,0,0,1]}}},"isNormalized":true}